candidate,reference,label,metric,delta_mean,delta_ci_low,delta_ci_high,confidence_level,valid_replicates,interpretation
lung_masked,original,Atelectasis,auprc,0.010485019463394845,-0.031176619111082007,0.05286713316408694,0.95,2000,NO_CLEAR_DIFFERENCE
lung_masked,original,Cardiomegaly,auprc,0.0934274503894262,0.004771220069751563,0.18531575343939605,0.95,2000,CANDIDATE_HIGHER
lung_masked,original,Effusion,auprc,-0.040682091988130095,-0.08466107781509598,0.004300007186360395,0.95,2000,NO_CLEAR_DIFFERENCE
lung_masked,original,Infiltration,auprc,0.01009875542167708,-0.011985683284975391,0.03176440272455608,0.95,2000,NO_CLEAR_DIFFERENCE
lung_masked,original,Mass,auprc,-0.019165669184032227,-0.06933226261983251,0.02897627388481479,0.95,2000,NO_CLEAR_DIFFERENCE
lung_masked,original,Nodule,auprc,-0.029024397096578083,-0.07593486087516263,0.01576495266759146,0.95,2000,NO_CLEAR_DIFFERENCE
lung_masked,original,Pneumonia,auprc,0.014899690879876741,-0.008638788064041397,0.048808824098982385,0.95,2000,NO_CLEAR_DIFFERENCE
lung_masked,original,Pneumothorax,auprc,-0.023175052435403517,-0.09100931858447145,0.0532687384542545,0.95,2000,NO_CLEAR_DIFFERENCE
lung_masked,original,Consolidation,auprc,0.0015268089822804204,-0.038398254905580645,0.031235368938519043,0.95,2000,NO_CLEAR_DIFFERENCE
lung_masked,original,Edema,auprc,-0.05555503290094565,-0.1553185624879038,0.022670835355040397,0.95,2000,NO_CLEAR_DIFFERENCE
lung_masked,original,Emphysema,auprc,-0.1335478044080132,-0.2638258259224222,-0.032696569142765725,0.95,2000,ORIGINAL_HIGHER
lung_masked,original,Fibrosis,auprc,-0.009318874984587028,-0.04260758470640396,0.014220687877554986,0.95,2000,NO_CLEAR_DIFFERENCE
lung_masked,original,Pleural_Thickening,auprc,-0.009682244046696849,-0.03904188348258463,0.013882652771498914,0.95,2000,NO_CLEAR_DIFFERENCE
lung_masked,original,Hernia,auprc,-0.09568567625162314,-0.39380616876766456,0.00283235328311697,0.95,1993,NO_CLEAR_DIFFERENCE
lung_masked,original,ALL_LABELS,macro_auprc,-0.020365106194229255,-0.04519424947087085,-0.0013362196856064568,0.95,2000,ORIGINAL_HIGHER
lung_masked,original,Atelectasis,auroc,0.012029584034985373,-0.011984136549238281,0.03505182906986638,0.95,2000,NO_CLEAR_DIFFERENCE
lung_masked,original,Cardiomegaly,auroc,0.03964616666758429,-0.01563547396293237,0.09710884574156259,0.95,2000,NO_CLEAR_DIFFERENCE
lung_masked,original,Effusion,auroc,-0.01805578264801089,-0.03729225523330607,0.00025916054183180184,0.95,2000,NO_CLEAR_DIFFERENCE
lung_masked,original,Infiltration,auroc,0.008590482434993121,-0.013877521865250288,0.031603948461988655,0.95,2000,NO_CLEAR_DIFFERENCE
lung_masked,original,Mass,auroc,-0.026663812350155167,-0.06992964845380312,0.02020457237204006,0.95,2000,NO_CLEAR_DIFFERENCE
lung_masked,original,Nodule,auroc,-0.006915957264762292,-0.05199080119955626,0.0368676474627813,0.95,2000,NO_CLEAR_DIFFERENCE
lung_masked,original,Pneumonia,auroc,0.06504310349645605,-0.029639422882607132,0.15862201817661967,0.95,2000,NO_CLEAR_DIFFERENCE
lung_masked,original,Pneumothorax,auroc,-0.018092635817910593,-0.052543407475506364,0.0156198037420477,0.95,2000,NO_CLEAR_DIFFERENCE
lung_masked,original,Consolidation,auroc,0.03297516924801117,-0.004698890764695216,0.07135909121151633,0.95,2000,NO_CLEAR_DIFFERENCE
lung_masked,original,Edema,auroc,0.027430583547281697,-0.014942261296026771,0.07055801228279189,0.95,2000,NO_CLEAR_DIFFERENCE
lung_masked,original,Emphysema,auroc,-0.03753523265380745,-0.09738184032031437,0.026692247159006567,0.95,2000,NO_CLEAR_DIFFERENCE
lung_masked,original,Fibrosis,auroc,-0.015828478413101536,-0.09650592980743584,0.06773248467870156,0.95,2000,NO_CLEAR_DIFFERENCE
lung_masked,original,Pleural_Thickening,auroc,0.02696287729947846,-0.03429147520958575,0.08373265358275946,0.95,2000,NO_CLEAR_DIFFERENCE
lung_masked,original,Hernia,auroc,-0.11187846833330516,-0.30031757632707745,0.12591716372256673,0.95,1993,NO_CLEAR_DIFFERENCE
lung_masked,original,ALL_LABELS,macro_auroc,-0.0015630081019260653,-0.02153076137298537,0.019651302239712634,0.95,2000,NO_CLEAR_DIFFERENCE
anatomy_crop,original,Atelectasis,auprc,-0.0057312946973137845,-0.046219489424217094,0.034802311609497774,0.95,2000,NO_CLEAR_DIFFERENCE
anatomy_crop,original,Cardiomegaly,auprc,-0.0007603749351174464,-0.07456479588137381,0.073050095217339,0.95,2000,NO_CLEAR_DIFFERENCE
anatomy_crop,original,Effusion,auprc,0.0131814832323789,-0.02548815196423824,0.04940172614186819,0.95,2000,NO_CLEAR_DIFFERENCE
anatomy_crop,original,Infiltration,auprc,-0.0018968274454451168,-0.0237752922305131,0.017980569830992055,0.95,2000,NO_CLEAR_DIFFERENCE
anatomy_crop,original,Mass,auprc,-0.0048314880465971785,-0.061618958219327204,0.047972385920607534,0.95,2000,NO_CLEAR_DIFFERENCE
anatomy_crop,original,Nodule,auprc,0.021882550143749024,-0.027160361633090074,0.06947753343952665,0.95,2000,NO_CLEAR_DIFFERENCE
anatomy_crop,original,Pneumonia,auprc,0.0032453206358511047,-0.017756948524775197,0.02433501576866973,0.95,2000,NO_CLEAR_DIFFERENCE
anatomy_crop,original,Pneumothorax,auprc,0.05647937093392375,0.008135555842532232,0.11091284266688552,0.95,2000,CANDIDATE_HIGHER
anatomy_crop,original,Consolidation,auprc,0.0036751710095647306,-0.039083570490348336,0.04207876416933008,0.95,2000,NO_CLEAR_DIFFERENCE
anatomy_crop,original,Edema,auprc,-0.03229622847877197,-0.10391970400595467,0.023934599717559447,0.95,2000,NO_CLEAR_DIFFERENCE
anatomy_crop,original,Emphysema,auprc,0.07233287356580576,-0.005668448297882706,0.14479196982081524,0.95,2000,NO_CLEAR_DIFFERENCE
anatomy_crop,original,Fibrosis,auprc,-0.01772701193451595,-0.06383428319847084,0.008395756874122844,0.95,2000,NO_CLEAR_DIFFERENCE
anatomy_crop,original,Pleural_Thickening,auprc,-0.00917625727738616,-0.04441133475176958,0.016972269159611253,0.95,2000,NO_CLEAR_DIFFERENCE
anatomy_crop,original,Hernia,auprc,-0.06579740488752635,-0.2650789910756607,-0.0020392784723680378,0.95,1993,ORIGINAL_HIGHER
anatomy_crop,original,ALL_LABELS,macro_auprc,0.0023460362495469496,-0.015322175493693621,0.01698683522340235,0.95,2000,NO_CLEAR_DIFFERENCE
anatomy_crop,original,Atelectasis,auroc,0.019951418794261905,-0.0007510928689054166,0.039617891357022095,0.95,2000,NO_CLEAR_DIFFERENCE
anatomy_crop,original,Cardiomegaly,auroc,0.01790463217179117,-0.03270877027251626,0.06732944975449894,0.95,2000,NO_CLEAR_DIFFERENCE
anatomy_crop,original,Effusion,auroc,0.005229992122713353,-0.008653896746875594,0.01839490498024255,0.95,2000,NO_CLEAR_DIFFERENCE
anatomy_crop,original,Infiltration,auroc,-0.002593222355010442,-0.02424052605299344,0.01904399363565599,0.95,2000,NO_CLEAR_DIFFERENCE
anatomy_crop,original,Mass,auroc,-0.011639772459595804,-0.055914673317308164,0.03543506207777149,0.95,2000,NO_CLEAR_DIFFERENCE
anatomy_crop,original,Nodule,auroc,0.002885990299653969,-0.03603519568366492,0.04340224734823459,0.95,2000,NO_CLEAR_DIFFERENCE
anatomy_crop,original,Pneumonia,auroc,0.07159167541058746,-0.00395885833213317,0.148923826994199,0.95,2000,NO_CLEAR_DIFFERENCE
anatomy_crop,original,Pneumothorax,auroc,0.01847807701345951,-0.007443805026335305,0.04396388656036049,0.95,2000,NO_CLEAR_DIFFERENCE
anatomy_crop,original,Consolidation,auroc,0.032936277768242005,-0.0021467725189106466,0.07043304540055072,0.95,2000,NO_CLEAR_DIFFERENCE
anatomy_crop,original,Edema,auroc,0.042645524259768836,0.006755363197400997,0.08353456037535714,0.95,2000,CANDIDATE_HIGHER
anatomy_crop,original,Emphysema,auroc,0.0737583844184216,0.024358071414788733,0.12945322369980508,0.95,2000,CANDIDATE_HIGHER
anatomy_crop,original,Fibrosis,auroc,-0.008983774275369704,-0.0897792622838231,0.07124049085059336,0.95,2000,NO_CLEAR_DIFFERENCE
anatomy_crop,original,Pleural_Thickening,auroc,0.005806454603213034,-0.05874749227031711,0.07062254709896866,0.95,2000,NO_CLEAR_DIFFERENCE
anatomy_crop,original,Hernia,auroc,-0.08814868604248692,-0.18829758302283398,0.033685713248122605,0.95,1993,NO_CLEAR_DIFFERENCE
anatomy_crop,original,ALL_LABELS,macro_auroc,0.01287092261822966,-0.002451937415378155,0.027874432709620586,0.95,2000,NO_CLEAR_DIFFERENCE
image_plus_masks,original,Atelectasis,auprc,0.0024583244753282403,-0.03368615771623124,0.03793531710857736,0.95,2000,NO_CLEAR_DIFFERENCE
image_plus_masks,original,Cardiomegaly,auprc,0.029876965860931283,-0.05784736927590553,0.11865824237773326,0.95,2000,NO_CLEAR_DIFFERENCE
image_plus_masks,original,Effusion,auprc,0.015253556261145251,-0.018288589624696504,0.04777330649941452,0.95,2000,NO_CLEAR_DIFFERENCE
image_plus_masks,original,Infiltration,auprc,0.00885467344378118,-0.010603046282258484,0.028904856792451562,0.95,2000,NO_CLEAR_DIFFERENCE
image_plus_masks,original,Mass,auprc,0.005915907533974936,-0.03207731573898716,0.04528109366812323,0.95,2000,NO_CLEAR_DIFFERENCE
image_plus_masks,original,Nodule,auprc,-0.029060421757505023,-0.07231038145209556,0.012079825270869432,0.95,2000,NO_CLEAR_DIFFERENCE
image_plus_masks,original,Pneumonia,auprc,0.01143774870264826,-0.007290844818648461,0.03131234521083741,0.95,2000,NO_CLEAR_DIFFERENCE
image_plus_masks,original,Pneumothorax,auprc,0.014081006061336315,-0.03516831291851784,0.06266174076590293,0.95,2000,NO_CLEAR_DIFFERENCE
image_plus_masks,original,Consolidation,auprc,-0.007661718160218984,-0.04419498262502401,0.02943879859593248,0.95,2000,NO_CLEAR_DIFFERENCE
image_plus_masks,original,Edema,auprc,-0.05219660414336115,-0.1253412047962804,0.00043092295470311786,0.95,2000,NO_CLEAR_DIFFERENCE
image_plus_masks,original,Emphysema,auprc,0.046164455878773124,-0.007270907135772962,0.09963548779130406,0.95,2000,NO_CLEAR_DIFFERENCE
image_plus_masks,original,Fibrosis,auprc,-0.013361684095637004,-0.04458568963205787,0.002678945546079017,0.95,2000,NO_CLEAR_DIFFERENCE
image_plus_masks,original,Pleural_Thickening,auprc,0.026156318870514554,-0.011120995158451299,0.0723596455211993,0.95,2000,NO_CLEAR_DIFFERENCE
image_plus_masks,original,Hernia,auprc,0.06775725594274173,-0.027406474133418724,0.2582188991348085,0.95,1993,NO_CLEAR_DIFFERENCE
image_plus_masks,original,ALL_LABELS,macro_auprc,0.008961121731557721,-0.005803732068695317,0.027119919364855978,0.95,2000,NO_CLEAR_DIFFERENCE
image_plus_masks,original,Atelectasis,auroc,0.010676126537215669,-0.008040549842697132,0.028800134427784112,0.95,2000,NO_CLEAR_DIFFERENCE
image_plus_masks,original,Cardiomegaly,auroc,0.014680230330591494,-0.022166853934984056,0.054541394624819405,0.95,2000,NO_CLEAR_DIFFERENCE
image_plus_masks,original,Effusion,auroc,0.0072535518886519025,-0.006840927819353412,0.021066546473397074,0.95,2000,NO_CLEAR_DIFFERENCE
image_plus_masks,original,Infiltration,auroc,0.00817369572530378,-0.011143419141076012,0.027715279417058817,0.95,2000,NO_CLEAR_DIFFERENCE
image_plus_masks,original,Mass,auroc,-0.014797433380699406,-0.04831599761374352,0.01854709388443829,0.95,2000,NO_CLEAR_DIFFERENCE
image_plus_masks,original,Nodule,auroc,-0.028147923877692407,-0.06789136337637795,0.011099325355522239,0.95,2000,NO_CLEAR_DIFFERENCE
image_plus_masks,original,Pneumonia,auroc,0.07746671780471588,-0.006066393492336731,0.16595474728813098,0.95,2000,NO_CLEAR_DIFFERENCE
image_plus_masks,original,Pneumothorax,auroc,0.025010056909267817,0.00029620978360752416,0.05150709537707833,0.95,2000,CANDIDATE_HIGHER
image_plus_masks,original,Consolidation,auroc,-0.0013320344353062615,-0.048546198514731805,0.043379781220978804,0.95,2000,NO_CLEAR_DIFFERENCE
image_plus_masks,original,Edema,auroc,0.0075676288516351884,-0.03514986589478915,0.04831288558931503,0.95,2000,NO_CLEAR_DIFFERENCE
image_plus_masks,original,Emphysema,auroc,0.07331302327454302,0.03251171233951287,0.12063172325235243,0.95,2000,CANDIDATE_HIGHER
image_plus_masks,original,Fibrosis,auroc,-0.049162879227535566,-0.13360112388474144,0.03286236863844482,0.95,2000,NO_CLEAR_DIFFERENCE
image_plus_masks,original,Pleural_Thickening,auroc,0.018516027634406244,-0.04000684055680404,0.07990688035488208,0.95,2000,NO_CLEAR_DIFFERENCE
image_plus_masks,original,Hernia,auroc,-0.12085264652499055,-0.4533881578947368,0.14206155210392743,0.95,1993,NO_CLEAR_DIFFERENCE
image_plus_masks,original,ALL_LABELS,macro_auroc,0.0020586282627483047,-0.02448546512522461,0.02417651224301489,0.95,2000,NO_CLEAR_DIFFERENCE
