"Path","Category","Bytes","SHA256","Tracked","ModifiedUtc"
".env.example","KEEP_TRACKED","222","D850D4AAF790092D079CDE0CF439DC3EA01F876CC3FD0A8068A90E04BE40E9E7","True","2026-08-03T10:44:09.3796475Z"
".gitattributes","KEEP_TRACKED","268","75E5F5A4FDF11E5F196822C7FD5763A6A3D9DD6EF8D2FB9B1C8A1FA3ECA6D516","True","2026-08-03T10:54:55.1181960Z"
".githooks/pre-commit","KEEP_TRACKED","708","61629D6839C1EA45CD3493C0709E9892C4D98250CF6693BE01796CDCDBA2542C","True","2026-08-03T10:54:55.1298646Z"
".github/pull_request_template.md","KEEP_TRACKED","253","6437195D88AD55C303FEA19DA72A73C11DF113EC060D0306F2B001876C6D7236","True","2026-08-03T10:44:09.5619116Z"
".gitignore","KEEP_TRACKED","2141","9295D892299A00066640993D72C7E6E05802690028A1B117A2814FE4C6CC8E46","True","2026-08-05T15:28:53.2284918Z"
"configs/data/canonical_schema.json","KEEP_TRACKED","2251","11085213ADD0E718B27CB977AB61591C1DB4160C27DDC6FDA29F81EFB35E2246","True","2026-08-03T11:48:42.2152527Z"
"configs/data/concrete_adapter_registry.json","KEEP_TRACKED","6032","CC7A31E4A800C13BCF89DAE92C71BE27DDCE655C591844E8D6E00EB21E268C3A","True","2026-08-03T12:51:51.4871640Z"
"configs/data/dataset_catalog.json","KEEP_TRACKED","2936","55575DA4E543E1F5FBE86BE0AD0D06F23FC2487D244EC816FCEEB715E154D808","True","2026-08-03T11:30:45.6077573Z"
"configs/data/final_training_selection.json","KEEP_TRACKED","4482","8FD770A4B3DCF599717A285D26925C06351E16D963573B79EB2A984A798D7E82","True","2026-08-03T14:35:25.9784786Z"
"configs/data/generated_adapter_plan.json","KEEP_TRACKED","45772","70E59E931398CE975F07C6240BF7E263A1C002979927F807B5B69127AF7EBA73","True","2026-08-03T12:02:51.4225568Z"
"configs/data/stage4_3_resolution_policy.json","KEEP_TRACKED","713","3BE112F26D4298676618D8397474A20742612DE602D2911D87DF92FED2F4ABCC","True","2026-08-03T13:41:18.0312479Z"
"configs/evaluation/stage7d_model_comparison.json","KEEP_TRACKED","1801","903F99CFE05DABE14E02E82B52555A2B85866B1FB39A56227A08530ADFDDCBA2","True","2026-08-04T18:17:03.6169414Z"
"configs/evaluation/stage7e_patch_token_audit.json","KEEP_TRACKED","746","668ED4597E992AD059DA097BED752CC1A4210D35B077250C56DBFB68EE32FAD7","True","2026-08-04T20:16:06.1881906Z"
"configs/evaluation/stage8d_segmentation_comparison.json","KEEP_TRACKED","2640","5E03AE2E790C0BDB8420D45906B06EC40071EB2D0F10D4E7502CDC616E7A70B2","True","2026-08-05T10:59:48.6353749Z"
"configs/evaluation/stage8e_final_segmentation_evaluation.json","KEEP_TRACKED","2688","009E4CD6BA8C13E4DAB493C45838F23E30E66EABEDB0D9597A728B6DEAA2B825","True","2026-08-05T12:00:28.3629635Z"
"configs/features/stage7b_rad_dino_cls.json","KEEP_TRACKED","734","F0A987A44D72FF57DEA39BFD3948EAFB6F05408BCF62B25282B1FB0792C97C00","True","2026-08-04T13:41:31.9749659Z"
"configs/integration/stage9a_segmentation_guided_classification.json","KEEP_TRACKED","2531","85E4821AB6208186AD3205748EC2F9D8AB501A73D9854AFCB66E62D919C6ADB3","True","2026-08-05T13:14:19.5080092Z"
"configs/training/stage5_quality_view.json","KEEP_TRACKED","815","DE641A682362B5671C8D761D77C9D507AE907041BB7B3F057489F20581E1021C","True","2026-08-03T16:31:26.6595781Z"
"configs/training/stage6_nih_densenet121.json","KEEP_TRACKED","1306","6351E285DEA74FE4A78FEA6289CAB05CDF27E3665E2317C661061FB1A1FF7025","True","2026-08-04T11:15:49.8623465Z"
"configs/training/stage7c_rad_dino_probes.json","KEEP_TRACKED","1474","87A6637014E4BEB00E9CA5218DEDE43895C81A6BB43AC9A9CF2B2F75D04A49D6","True","2026-08-04T16:06:47.9242636Z"
"configs/training/stage8b_chexmask_unet_resnet34.json","KEEP_TRACKED","3172","57671BEF521753AC9EE3491B295518ED0FEC0AC51E512D2F1739A8060ED3BE6E","True","2026-08-04T20:56:18.9809357Z"
"configs/training/stage8c_chexmask_coverage_continuation.json","KEEP_TRACKED","2897","2B979CA22ABF636A9F8AAA6018603B078412BC39D42979BAF348CFA1EE34035A","True","2026-08-05T09:01:08.0848831Z"
"configs/training/stage9b_segmentation_guided_ablation.json","KEEP_TRACKED_PROPOSED","2681","622572211B75498B48C8980AEA4179C270630948F15FCA7A832ACEBD2A0060DE","False","2026-08-05T17:00:28.2696932Z"
"CONTRIBUTING.md","KEEP_TRACKED","412","1884F02BA301E7797DA436FCFC5B14776A1123914ACBD752DD5A4EAE8F16DC4A","True","2026-08-03T10:44:09.2957885Z"
"docs/architecture/SYSTEM_ARCHITECTURE.md","KEEP_TRACKED","563","1B688F4AA805CF560586A1B6C28F04055663FD9EEC0AF22E8F8F08756A6BDCDA","True","2026-08-03T10:44:09.1779805Z"
"docs/data/CANONICAL_SCHEMA.md","KEEP_TRACKED","1333","4A55B2D7DF6BBCDF1F6A952CAE44DD9C74016D416BCE03CE62AF1C2575CD53C7","True","2026-08-03T11:48:42.2177583Z"
"docs/data/CONCRETE_ADAPTERS_AND_SPLITS.md","KEEP_TRACKED","1861","7723383608610693BD4209B9182FF5398AEAFD663F6B66CA5E5F87F6B0D8568C","True","2026-08-03T12:51:51.4989855Z"
"docs/data/CONTAINER_AND_IDENTITY_RESOLUTION.md","KEEP_TRACKED","1623","CAA636E0EA057821A8BC32A42122CC05AFE80197ADF98BEB0E457220A1404439","True","2026-08-03T13:41:18.0335995Z"
"docs/data/DATA_GOVERNANCE.md","KEEP_TRACKED","809","96FCBAD90DC07A012B2B613E343867BFFEEDCBDBC4115C82C5EF16FE8126E7CE","True","2026-08-03T10:44:09.1227342Z"
"docs/data/DATASET_ADAPTER_CONTRACTS.md","KEEP_TRACKED","1029","4FBBD60F3C4E403F2B5E76F67B9E128E04DAC550C3602633A792CCC34439D2B3","True","2026-08-03T12:02:02.9885983Z"
"docs/data/FINAL_DATA_READINESS_GATE.md","KEEP_TRACKED","1009","F9A899139424AA4AA3E63E73EBC434C52BFF0B9FE02853D854CAEDB3B8E2339D","True","2026-08-03T14:35:25.9784786Z"
"docs/evaluation/STAGE7D_MODEL_COMPARISON.md","KEEP_TRACKED","1425","5CC05E223BC46679A80ED4089B44D6B56034DA7533367DB73FB267534BA1747F","True","2026-08-04T17:20:03.8291098Z"
"docs/evaluation/STAGE7E_PATCH_TOKEN_AUDIT.md","KEEP_TRACKED","1316","53B27A8D884E529116B0463D999C29E542D1536FF804EF68F47651395786429E","True","2026-08-04T20:16:06.1881906Z"
"docs/evaluation/STAGE8D_SEGMENTATION_COMPARISON.md","KEEP_TRACKED","834","6F0D48B6E096D766EDFD56C1B22EE6BDD1713C6072545F5C661F9B37EC1079B0","True","2026-08-05T10:59:48.6353749Z"
"docs/evaluation/STAGE8E_FINAL_SEGMENTATION_EVALUATION.md","KEEP_TRACKED","754","155E871BA3C7C17C05ECAF58661CBADEBBBD716E1ABD6DB0FF4A3408BAFD238B","True","2026-08-05T12:00:28.3629635Z"
"docs/features/STAGE7B_RAD_DINO_CLS.md","KEEP_TRACKED","2075","28CAE7633653A8EEA19E8989D635329197437DC3C958130353DC93804384DB7B","True","2026-08-04T13:41:31.9749659Z"
"docs/integration/STAGE9A_SHARED_COHORT_READINESS.md","KEEP_TRACKED","1005","58033E0CEA55522CCA593E1A28E2AB836A48DD63A4B0123165CF08615E094143","True","2026-08-05T13:14:19.5153766Z"
"docs/integration/STAGE9B_SEGMENTATION_GUIDED_ABLATION.md","KEEP_TRACKED_PROPOSED","2096","898DD5EF17D586A544E7CC912050745F274F8BD109BD35E5CF99D00A3582E5E0","False","2026-08-05T17:02:34.9059361Z"
"docs/models/STAGE8_FINAL_SEGMENTATION_MODEL_CARD.md","KEEP_TRACKED","998","D8E77EFF9EF5925491218D0746EE70D630AD829F6E12C05BCC18CEA926F960D1","True","2026-08-05T12:11:42.4349251Z"
"docs/research_protocol/CANONICAL_STAGE_ROADMAP.md","KEEP_TRACKED_PROPOSED","2378","D225E4F0ECA9FEA9E4746102D4A792CA4634D43837E36BD7AB0411BF26A35863","False","2026-08-05T16:27:22.1394155Z"
"docs/ROADMAP.md","KEEP_TRACKED","929","AFFC61B273F3DCCA6617B8FF07B196724D799DE1C532872A4426C3B2CC48D158","True","2026-08-03T10:44:09.2462907Z"
"docs/training/STAGE5_QUALITY_VIEW.md","KEEP_TRACKED","972","721E70CB8C80355999E7C44EBA0E11A4533FF6183A08A84828A20B993B80F7C1","True","2026-08-03T16:31:26.6595781Z"
"docs/training/STAGE6_NIH_DENSENET121.md","KEEP_TRACKED","1338","9397020DD6FE5069CD863E3C1150802697B152657361E6CCC9C41F5D2D39DD86","True","2026-08-04T06:07:31.7496558Z"
"docs/training/STAGE7C_RAD_DINO_PROBES.md","KEEP_TRACKED","1653","CCED2A6691B48000955BF5C258F6DE12E6E34FC3402823117233BC2508E7D266","True","2026-08-04T16:06:47.9242636Z"
"docs/training/STAGE8A_CHEXMASK_READINESS.md","KEEP_TRACKED","1550","4975E761DDBF5B903B6370CE4C5B0B2E0319C3E51BEEA0229D02E867A79344F3","True","2026-08-04T20:42:29.4143093Z"
"docs/training/STAGE8B_CHEXMASK_UNET.md","KEEP_TRACKED","781","32E621B21301138912D280B1F62747F4262FA8C4996E8A236F01A69F70371851","True","2026-08-04T20:56:18.9809357Z"
"docs/training/STAGE8C_CHEXMASK_COVERAGE_CONTINUATION.md","KEEP_TRACKED","879","F3C0C02B2D50A51EBF38EC08FC5B83AE8DFD24ADAE5BCF8D4C8FA54BB3DF6035","True","2026-08-05T09:01:08.0848831Z"
"pyproject.toml","KEEP_TRACKED","983","A327DF13CF24F9D40192F20E5A958FBCC6408D258D3C0B3B037E1D1FDEBCBF5E","True","2026-08-03T10:54:55.1298646Z"
"README.md","KEEP_TRACKED","1013","1CCFA31473D151B46114A8067697E5F0E3B17F044BBB118736A38AFF91F15EB2","True","2026-08-03T10:44:09.0616039Z"
"reports/stage2/environment_validation.json","KEEP_TRACKED","1005","E50CCDEB813CFC322C247C16DAF19A6E7EDD5AE4D80A1711EB251C37092E25A0","True","2026-08-03T11:18:26.4021173Z"
"reports/stage3/DATASET_AUDIT.md","KEEP_TRACKED","1644","3469A8F3FBF12BEA7896EDC6F3D89B77A964716724E2907523BB15DBDEDE7CFF","True","2026-08-03T11:32:03.9623194Z"
"reports/stage3/dataset_inventory.csv","KEEP_TRACKED","1103","4A6BC00472AB453C3DD6976F0DC958D55202102E50FD1936EA15A65DBC5C9740","True","2026-08-03T11:32:03.9623194Z"
"reports/stage3/dataset_registry.json","KEEP_TRACKED","9140","BB25F007DA914D134656B7538B0381E0F573D55619C78B7E358BDF87D139E4B1","True","2026-08-03T11:32:03.9623194Z"
"reports/stage3/integrity_summary.json","KEEP_TRACKED","9621","2BECACF8E99E25E78F790B1BFA3D68E76DAE52564C683E83804A9941BAB16401","True","2026-08-03T11:32:03.9623194Z"
"reports/stage4/DATASET_STRUCTURE_VALIDATION.md","KEEP_TRACKED","2361","17797EA2C2C7D622BD550B6DCAC978242637BD62A4ABA4429D5A83E6C2F4A6CC","True","2026-08-03T11:49:26.2475831Z"
"reports/stage4/metadata_profiles.json","KEEP_TRACKED","21111","D9F0F9EBF2F6334333C5F3FAAA4970362D01FB3B7EA255CF97EE3DCBCB0D6265","True","2026-08-03T11:49:26.2475831Z"
"reports/stage4/structure_summary.json","KEEP_TRACKED","28695","C314DF9F3A9CFBE60DFC562FF6C5646DFBAC74E9AA003BA8486660A39A5F21BF","True","2026-08-03T11:49:26.2475831Z"
"reports/stage4_1/IDENTITY_MAPPING_DISCOVERY.md","KEEP_TRACKED","2091","9A0E1F78A9AE9C8CCB1704D76ACCFEEDF708818E634211B39BB63C0250985623","True","2026-08-03T12:02:51.4225568Z"
"reports/stage4_1/identity_mapping_summary.json","KEEP_TRACKED","49380","00344166568E45E16FAB9E6C5314F436D89C2506E9178797225C51058C1CAAA6","True","2026-08-03T12:02:51.4225568Z"
"reports/stage4_2/ADAPTER_SPLIT_REPORT.md","KEEP_TRACKED","1975","0DEECA8F5219289E19DDDDA006FA06CD5FC26919D757F819E834926B7E707C5E","True","2026-08-03T13:10:56.3886019Z"
"reports/stage4_2/adapter_split_summary.json","KEEP_TRACKED","15088","0CCA27C4E2FA04252CC5FF1AC3E72ED481E3186302076AE4D0F69E21356E95BB","True","2026-08-03T13:10:56.3886019Z"
"reports/stage4_3/RESOLUTION_REPORT.md","KEEP_TRACKED","1825","BB9B86FAE2B056D38C744165074A7A47B4A74F106F0CCC0B08672A87C828B658","True","2026-08-03T13:43:17.2327989Z"
"reports/stage4_3/resolution_summary.json","KEEP_TRACKED","4106","B6CF77B303D739B71CAA53146693E9CA9C7C6F5980309FFA69ACF69D75007811","True","2026-08-03T13:43:17.2170941Z"
"reports/stage4_4/data_readiness_summary.json","KEEP_TRACKED","4159","4313C85EF85425536B75DB2B7D2C68E3707FE0593BB8E63F6EB9CDE1880A7AD0","True","2026-08-03T14:35:32.3444669Z"
"reports/stage4_4/FINAL_DATA_READINESS.md","KEEP_TRACKED","2309","8585EFE65C02F858DFD1E052C6B12E7F4789049DC6A3367FD88EF55913975727","True","2026-08-03T14:35:32.3444669Z"
"reports/stage4_4/training_sequence.csv","KEEP_TRACKED","579","8288956B7A8272485C939A87B2376BDA56F25C29118CB78C4846F864CAA99A4B","True","2026-08-03T14:35:32.3464700Z"
"reports/stage5/stage5_summary.json","KEEP_TRACKED","13994","C6F2A4A766794B628E68128EDE94D09120A297AD96AC0EE353C594532571CB4B","True","2026-08-03T16:52:42.6583292Z"
"reports/stage5/STAGE5_TRAINING_REPORT.md","KEEP_TRACKED","746","59E97A562EBE1987D671C3D6ED461076574227C30E73C42545A86E22CCD99D8D","True","2026-08-03T16:52:42.6583292Z"
"reports/stage6/stage6_history.csv","KEEP_TRACKED","19901","860486EDD5920EBFC79407FDE681FF3EBC7E6BEFB7712CD2A0E71F8B02D708F7","True","2026-08-04T09:37:43.5664735Z"
"reports/stage6/stage6_summary.json","KEEP_TRACKED","13727","34669DF451EE3DF4CB74CFA3F8B21035718C333272A5221B8497830C53A21D36","True","2026-08-04T11:36:05.4661373Z"
"reports/stage6/stage6_thresholds.json","KEEP_TRACKED","686","3EDA1AD3CA1C9A93B0924906F0A2F6D7FB0D0BF96450C2DF179F4CBB09C1B99F","True","2026-08-04T11:36:05.4761645Z"
"reports/stage6/STAGE6_TRAINING_REPORT.md","KEEP_TRACKED","690","3BAA108ABA3FD9455915A24D786396BA41CB224D77DD4EE9D916F4D8E9D130C2","True","2026-08-04T11:36:05.4761645Z"
"reports/stage7/stage7b_manifest.json","KEEP_TRACKED","47957","CCCEC087E0D5AE83F8B5D1B5DEB021CB8C38A56E24AA290E51358EE77DCB8FF6","True","2026-08-04T15:40:09.7402451Z"
"reports/stage7/STAGE7B_RAD_DINO_CLS_REPORT.md","KEEP_TRACKED","1526","DA6E52E51942E4DEF7DF0A7ADAECE32F44B621CB92B6B00AEC6C16AF3B1F51E6","True","2026-08-04T15:40:09.7610108Z"
"reports/stage7/stage7b_summary.json","KEEP_TRACKED","53266","3D67E64BD22549DDABC207FBCCD45534C3471F868D961E10EA9A14B26A032973","True","2026-08-04T15:40:09.7610108Z"
"reports/stage7/stage7c_comparison.json","KEEP_TRACKED","4854","E859BBF9CE90E85A362B92BF57CE568CD6D2E2F4A10016AA9965CAF995A5314F","True","2026-08-04T16:07:36.5149034Z"
"reports/stage7/stage7c_history.csv","KEEP_TRACKED","7337","D4EC8620E3C00C9455578C37BF429CF9D2BA8287C27A81FC61EF5D0208EBF028","True","2026-08-04T16:07:36.4992343Z"
"reports/stage7/STAGE7C_PROBE_TRAINING_REPORT.md","KEEP_TRACKED","1220","AD8E048BCCA86BD31CDDD38E1B0365826CD508317982418DA06CDCE4E61168AA","True","2026-08-04T16:07:36.5149034Z"
"reports/stage7/stage7c_summary.json","KEEP_TRACKED","27497","F2EBE3AB8C1196FA8CAD8E7536A07BF8CDE5ED066E4931D218C79C5718468957","True","2026-08-04T16:07:36.4992343Z"
"reports/stage7/stage7c_thresholds.json","KEEP_TRACKED","739","9E686D5077753F1BE0D2374EB5BCC68E31DAE8392A5EAF6DC26CE9CB1FFF8176","True","2026-08-04T16:07:36.5149034Z"
"reports/stage7/stage7d_bootstrap_intervals.csv","KEEP_TRACKED","13857","8DB38C6CAEB814C40B640F8CD97D22F3AD1594D293275961814B6CDD6987A3AF","True","2026-08-04T20:03:26.2622611Z"
"reports/stage7/stage7d_comparison_summary.json","KEEP_TRACKED","19788","60244B02CAF1C4734047AECCE314616D1D2C2F3B539CFE47CA59E8A21AE6932D","True","2026-08-04T20:03:26.7569342Z"
"reports/stage7/stage7d_efficiency_comparison.json","KEEP_TRACKED","1108","ABD64DC1376C7BF6E236E840FB87FEB4D2364146D0EF4C7741956213061BC388","True","2026-08-04T20:03:26.2622611Z"
"reports/stage7/STAGE7D_MODEL_COMPARISON_REPORT.md","KEEP_TRACKED","2116","68CA28F26599DA192157EF11D405E60C7380CAEC7D0A36EDB37EC38C61297133","True","2026-08-04T20:03:26.7663273Z"
"reports/stage7/stage7d_per_label_metrics.csv","KEEP_TRACKED","9727","31862A2186A220A85BD67B81E0D3C7FC06C8ED3B1AAD678DF288B2E67EFCC65C","True","2026-08-04T20:03:26.2622611Z"
"reports/stage7/stage7e_image_metrics.csv","KEEP_TRACKED","11334","EA1D3DDD1F3B2F22F4689D2A7DA8F39899C7BF16CFCD64A1D9F87A2C2599FF11","True","2026-08-04T20:16:43.7622798Z"
"reports/stage7/stage7e_label_summary.csv","KEEP_TRACKED","6015","867A976CDB90F422FEE10750C1E097B8E1B36DEC04610EA11057554CB5FF9C2A","True","2026-08-04T20:16:43.7622798Z"
"reports/stage7/stage7e_manifest.json","KEEP_TRACKED","1849","8B6366DF5D6DB720E5518A56ECB17297B724F3365A913E84132CBD679672CFFE","True","2026-08-04T20:16:43.7622798Z"
"reports/stage7/STAGE7E_PATCH_TOKEN_AUDIT_REPORT.md","KEEP_TRACKED","1486","5F8263D97690C539903C5E7512AD5A732FAF98418CFE9E709EF83C1BED006731","True","2026-08-04T20:16:43.7782985Z"
"reports/stage7/stage7e_summary.json","KEEP_TRACKED","3914","2394044F38829A09F581E038DDCA213605A829AE022B84C6AFC72189D7004D8D","True","2026-08-04T20:16:43.7782985Z"
"reports/stage8/STAGE8A_SEGMENTATION_READINESS_REPORT.md","KEEP_TRACKED","1550","4975E761DDBF5B903B6370CE4C5B0B2E0319C3E51BEEA0229D02E867A79344F3","True","2026-08-04T20:42:29.4066268Z"
"reports/stage8/stage8a_summary.json","KEEP_TRACKED","2012","E3E9D305E07F8A32C10AEB9F8DFEB5F5E672CC082ED9B19EF53A17186E1A5516","True","2026-08-04T20:42:29.4066268Z"
"reports/stage8/stage8b_history.csv","KEEP_TRACKED","6509","5D0A49DC218EB94F1970EF8E74A0093F926ACFD5C6D425EF6E8B79C8DF58CF22","True","2026-08-05T01:30:02.6641163Z"
"reports/stage8/stage8b_per_organ_metrics.csv","KEEP_TRACKED","382","E71F6BD6846640242758F96FC965CD241DD2E6D6BB683BC10BF4AA755054A80D","True","2026-08-05T01:30:02.6641163Z"
"reports/stage8/stage8b_summary.json","KEEP_TRACKED","3161","0491D0C7E4CD5B84986C14AC850BF694AAC2AC23228CE0E5E88302248385DA87","True","2026-08-05T01:30:02.6537988Z"
"reports/stage8/stage8b_thresholds.json","KEEP_TRACKED","61","23B1CA23BF13F78C342701EA7F8A56A4259667D059C3B8D9425BFA89B1CF4BCB","True","2026-08-05T01:30:02.6641163Z"
"reports/stage8/STAGE8B_UNET_BASELINE_REPORT.md","KEEP_TRACKED","887","CC5AF65C89EB70748F8C11D5C8846BADA6387D33507CFA54EE2ACAB935B78378","True","2026-08-05T01:30:02.6641163Z"
"reports/stage8/STAGE8C_COVERAGE_CONTINUATION_REPORT.md","KEEP_TRACKED","618","3F3FB238D76EA5744505F71C4BA56487FF6D3880DC16E6ED56312A4B0252A9C2","True","2026-08-05T10:35:59.1988441Z"
"reports/stage8/stage8c_coverage_summary.csv","KEEP_TRACKED","2088","4C8FF7C86FEBEF1455335366E4DD15E5ED7893A43348194C6AA6A0AE3B62337D","True","2026-08-05T10:35:59.1885674Z"
"reports/stage8/stage8c_history.csv","KEEP_TRACKED","6081","A41BE015FF93B106B5161858AE32DF6E916D60718D55DE36F46B89B76C5F9DB4","True","2026-08-05T10:35:59.1885674Z"
"reports/stage8/stage8c_summary.json","KEEP_TRACKED","2208","64BBE1117534775BE633749097F92CCAE648636C15743CF21EBC76B0F388413D","True","2026-08-05T10:35:59.1885674Z"
"reports/stage8/stage8c_thresholds.json","KEEP_TRACKED","61","52DAB314C34D2F079203A13ECEB54BFB5FE3C8A88E2FAEA878746A76B49C0B42","True","2026-08-05T10:35:59.1885674Z"
"reports/stage8/stage8d_bootstrap_intervals.csv","KEEP_TRACKED","722","67DD7650E89F870FEF66B3A9989A12326C9AE892F2A9D4DBBB6622E8B6A9A4A5","True","2026-08-05T11:16:21.3831101Z"
"reports/stage8/stage8d_efficiency_comparison.json","KEEP_TRACKED","632","93D3FD2F09BB548328147D614238CD090A5EADDEE65EA1655DDC9823ECB9D1E5","True","2026-08-05T11:16:21.3831101Z"
"reports/stage8/stage8d_per_organ_metrics.csv","KEEP_TRACKED","1939","DFC5624042A24230E05D850448358B31E611295C561ED57BADD90DA39E992802","True","2026-08-05T11:16:21.3831101Z"
"reports/stage8/STAGE8D_SEGMENTATION_COMPARISON_REPORT.md","KEEP_TRACKED","846","C750DAD1E2CAF22B4DDDD494887BF47B5103B319E61677C783CE9C7C69E6CAE9","True","2026-08-05T11:16:21.3831101Z"
"reports/stage8/stage8d_summary.json","KEEP_TRACKED","7012","25B11E83DDF715915557E48C15541FF587B21E509884C964ECE82C31E2B0D1FB","True","2026-08-05T11:16:21.3831101Z"
"reports/stage8/stage8e_bootstrap_intervals.csv","KEEP_TRACKED","381","3937593C484D0FE85B4FFCD3516152B29F59D345B383327A0DAF74DD56A4BFB7","True","2026-08-05T12:11:42.4300844Z"
"reports/stage8/stage8e_efficiency.json","KEEP_TRACKED","321","837483766E9F5A9BB1411C4FB54AE094493D7E1BE79BF0DD26C4344ED9BBB9AE","True","2026-08-05T12:11:42.4300844Z"
"reports/stage8/STAGE8E_FINAL_SEGMENTATION_EVALUATION_REPORT.md","KEEP_TRACKED","1162","0DB9F32390D32B301C5E226F4C3D3391966E6E54569ADAFB9623E10705252F6E","True","2026-08-05T12:11:42.4349251Z"
"reports/stage8/stage8e_per_organ_metrics.csv","KEEP_TRACKED","381","4AFA80CDBBFA3E3497C08315B28AA6BCA3B62E16A0AF6338B6DCEEEB37715A64","True","2026-08-05T12:11:42.4300844Z"
"reports/stage8/stage8e_summary.json","KEEP_TRACKED","4102","C1AFC412E47466F0AC7D06F570E4731969DD86AFF4B632DFE3F184E742AF510F","True","2026-08-05T12:11:42.4300844Z"
"reports/stage9/stage9a_label_distribution.csv","KEEP_TRACKED","2133","96AD89D986DAEF655D12A78A579E5855C00CF7F9BD668542A367C9CFCD893096","True","2026-08-05T13:14:33.4588268Z"
"reports/stage9/STAGE9A_SHARED_COHORT_REPORT.md","KEEP_TRACKED","855","6E06B0F246E556433FB46430F3FFE26CC7821BE7FD5787B0A77BBDAC5513DA0E","True","2026-08-05T13:14:33.4588268Z"
"reports/stage9/stage9a_summary.json","KEEP_TRACKED","8239","3B68DAFFF5E4733ACD546E2C5809B4295A98BA45492236963C4B73EA5663FAEB","True","2026-08-05T13:14:33.4588268Z"
"requirements/base.txt","KEEP_TRACKED","54","3A96901CBD396A0DAD0B628C17F5BD3ABC1CF28D56BA70BA80C9F2A6C2B98ACB","True","2026-08-03T10:54:55.1318687Z"
"requirements/container-resolution.txt","KEEP_TRACKED","28","9AA267824D5AB5D191AEA005CED9B19C92C46401A5CB2ED300F70B8C894F5BF4","True","2026-08-03T13:41:18.0289061Z"
"requirements/data-audit.txt","KEEP_TRACKED","14","39FED49506D19A1EC77F74F5844D1A1A7D65B7EA822BBDDE0531BC001F6C61F2","True","2026-08-03T11:30:45.6077573Z"
"requirements/dev.txt","KEEP_TRACKED","46","F9B3942D0A02146A8A5D1C6D96D148DF6C65E890BE0D38BF127AE75CA37087FA","True","2026-08-03T10:54:55.1318687Z"
"requirements/lock-stage2.txt","KEEP_TRACKED","413","E5A0A3B8CAA36994F966CFA9B01D7B7BED8C36E3D255DC4711987F529891D02F","True","2026-08-03T11:11:57.7467120Z"
"requirements/lock-stage3.txt","KEEP_TRACKED","428","F1CF5630085A132097760BC24114FC7362B20ECCFB6EFE3F23EF63E1500C7234","True","2026-08-03T11:32:04.4076808Z"
"requirements/lock-stage4.txt","KEEP_TRACKED","428","F1CF5630085A132097760BC24114FC7362B20ECCFB6EFE3F23EF63E1500C7234","True","2026-08-03T11:49:31.7484932Z"
"requirements/lock-stage4_1.txt","KEEP_TRACKED","428","F1CF5630085A132097760BC24114FC7362B20ECCFB6EFE3F23EF63E1500C7234","True","2026-08-03T12:02:58.0261092Z"
"requirements/lock-stage4_2.txt","KEEP_TRACKED","428","F1CF5630085A132097760BC24114FC7362B20ECCFB6EFE3F23EF63E1500C7234","True","2026-08-03T13:10:56.8678337Z"
"requirements/lock-stage4_3.txt","KEEP_TRACKED","457","C9E3CD525AE6C1D0AE340097BB65F6A050674CF1C5C45359F2FFFA04B870965A","True","2026-08-03T13:43:23.4795395Z"
"requirements/lock-stage4_4.txt","KEEP_TRACKED","485","E6F5B1AB6823FF1FFCF02151B295F84FAD9B9091E7D3B164C4A28AF054EF6BFA","True","2026-08-03T14:35:33.0829310Z"
"requirements/lock-stage5.txt","KEEP_TRACKED","78","A1EBBAC0BB964D9B114E079A9BC448FCA727E693C9C9E6A3BD7784301572B317","True","2026-08-03T16:52:42.6851423Z"
"requirements/lock-stage6.txt","KEEP_TRACKED","657","98DC68EF22C9C29581A7953C0AA232AA4C62265AB43AB9C82C5323501BE3E7BD","True","2026-08-04T11:36:12.5814821Z"
"requirements/lock-stage7.txt","KEEP_TRACKED","749","36B412F4F9A44AAA8CF41D37DC0C8F52A14748C02F6B5758C4CC471A01EC22AA","True","2026-08-04T20:16:52.9378201Z"
"requirements/lock-stage8.txt","KEEP_TRACKED","858","B3B5B6D737C4D7D4DA1BABD8B37993201EC45365028BA88B774C52F65764F3A0","True","2026-08-05T12:11:52.3373856Z"
"requirements/torch-cu130.txt","KEEP_TRACKED","105","39B938335F796F9EE03D48D1F7B54BE399D00E3D7100EAEF5E6713F16BD2DFDC","True","2026-08-03T10:54:55.1338749Z"
"scripts/audit/archive_stage9b_interrupted.ps1","KEEP_TRACKED_PROPOSED","1844","898AC5754B889BAFEB1F6233BC3A802E22385AECC470891583336E6B5947C1D2","False","2026-08-05T17:01:32.1473333Z"
"scripts/audit/quarantine_proven_caches.ps1","KEEP_TRACKED_PROPOSED","3067","71502CB6AEB92A3C79F4F49F134BE6D10D723AC340E768EAAF0B383EBAD6AD62","False","2026-08-05T16:44:31.5283513Z"
"scripts/audit/run_project_audit.ps1","KEEP_TRACKED_PROPOSED","14804","C5F366D20F5C732899B0885466161B2CFDF22CDF8A341B1553C84A94B67A4A03","False","2026-08-05T17:04:24.6344764Z"
"scripts/data/run_concrete_adapters.py","KEEP_TRACKED","1879","15BFF3C6DF3293823A2B8713FFEC0F29B3997DB81C46647324A6ED3089BE8E24","True","2026-08-03T12:51:51.6671068Z"
"scripts/data/run_dataset_audit.py","KEEP_TRACKED","2032","D885195CC7A24CF7C24C39B085C77C6C5BF197BBC1B672A52AAF8FE880786BD0","True","2026-08-03T11:30:52.1451202Z"
"scripts/data/run_identity_mapping_discovery.py","KEEP_TRACKED","2048","58E99D740B50E439B25300077525634076C909BB9C16D74DB2C0B3EB69540D50","True","2026-08-03T12:02:03.1610040Z"
"scripts/data/run_readiness_gate.py","KEEP_TRACKED","1480","3EBA0D97C3FBB38E4399119B21A6AE247AF21716970B85389567CAB5BB380F4E","True","2026-08-03T14:35:26.1825946Z"
"scripts/data/run_stage4_3_resolution.py","KEEP_TRACKED","2070","24357EEE6C3C8E838CD38330B4045131267A9F96AF8F122D4B1F239A89AE3B85","True","2026-08-03T13:41:34.0905528Z"
"scripts/data/run_stage8a_chexmask.py","KEEP_TRACKED","525","DDA04614DC691C139B96151D004E730DBD2BDD2A42A33EFD0CAD5DBB37FF5768","True","2026-08-04T20:42:29.4066268Z"
"scripts/data/run_stage9a.py","KEEP_TRACKED","429","62C1EFFB98E099D18233AC74DE4A8C062F0C7754FE046DC5E3DBC4AD0283364B","True","2026-08-05T13:14:19.5133699Z"
"scripts/data/run_structure_validation.py","KEEP_TRACKED","2254","B206EF4F5DBD593B67151328F5C6DD812D3AC46DAB3AFF13D7FEEB632FF469C3","True","2026-08-03T11:48:42.3854461Z"
"scripts/evaluation/run_stage7d.py","KEEP_TRACKED","660","E5DD8090731FEDF3C4D241ED664503499019D80F8A9F0D02E5CAA678157A1205","True","2026-08-04T17:20:04.1223221Z"
"scripts/evaluation/run_stage7e.py","KEEP_TRACKED","533","7C0E211629BA7257123D7DAE792439DFB586AB8BA25B07AA7D9AD63244794289","True","2026-08-04T20:16:06.5209621Z"
"scripts/evaluation/run_stage8d.py","KEEP_TRACKED","413","86EEB71446661688AB5229A7BA03D0D8127160C3D0BA05B73E8E5F2AA90B78D4","True","2026-08-05T10:59:48.6353749Z"
"scripts/evaluation/run_stage8e.py","KEEP_TRACKED","523","EF6FB993978BBE990248598FCA08B56A1A322F0F6426481241016A1DFC4ADD24","True","2026-08-05T12:00:28.3629635Z"
"scripts/features/run_stage7b.py","KEEP_TRACKED","876","DAF8D71D5C98BFA7A1695D225235B2745C01C4264B84D737FBDA74D380FA7D0E","True","2026-08-04T13:48:01.4349221Z"
"scripts/setup/setup_environment.ps1","KEEP_TRACKED","3279","B07AFDBC9F9DF275F2FE632938BB53EF854F2CC2EF0544E22C90EC6EDF20C3DF","True","2026-08-03T10:54:55.1408398Z"
"scripts/training/profile_stage9b.py","KEEP_TRACKED_PROPOSED","5339","0408AE490B8715F770084F8B1B25FA196E9B316B2CC2790C6848BE1149962E7A","False","2026-08-05T16:48:43.7046353Z"
"scripts/training/run_stage5.py","KEEP_TRACKED","133","078E462216AF79855D6C7AF7024714B02A7DFA6F9E4F4517C52CCA913C38066A","True","2026-08-03T16:31:28.5617967Z"
"scripts/training/run_stage6.py","KEEP_TRACKED","589","C67363A1FA2AAC108BD564E4B45AC72F7C58BE8237DB3F5DA296DE8A88298EBD","True","2026-08-04T06:07:33.7253591Z"
"scripts/training/run_stage7c.py","KEEP_TRACKED","652","2DAD2BDE58433CF7E51CC82853B93EFF2B04A77FABBE1244521F10DE00C6350C","True","2026-08-04T16:06:48.2484370Z"
"scripts/training/run_stage8b.py","KEEP_TRACKED","412","A186183F79349B6E8917D3527FE2526687B63AB03310219FAE93ECCFF0F3F6AC","True","2026-08-04T20:56:18.9809357Z"
"scripts/training/run_stage8c.py","KEEP_TRACKED","416","C1F5510EF858215420F520C72AAD85E44B2E762D99EEEE8E16E951B0F2614745","True","2026-08-05T09:01:08.0848831Z"
"scripts/training/run_stage9b.py","KEEP_TRACKED_PROPOSED","497","E8A652D8271A3BABA57E184AE6DA1F54289A42060387C1B01762E16A28329B35","False","2026-08-05T15:28:53.2127965Z"
"scripts/validation/validate_stage2_environment.py","KEEP_TRACKED","6783","14A2462FFF0EA81C4E920B5B534B71B61684AFEED0FF62EE8E4C18CD81100F74","True","2026-08-03T11:11:30.2079525Z"
"SECURITY.md","KEEP_TRACKED","243","D1D16B2BA196779B36C48B8FD062E5D88F1464D28D85E0FEE787080D68637986","True","2026-08-03T10:44:09.3372527Z"
"src/trustcxr/__init__.py","KEEP_TRACKED","56","7A117694BF86D1DEA62228818BAD3EA2684B944C44116889F65A3017E3D28F12","True","2026-08-03T11:08:00.4307361Z"
"src/trustcxr/classification/__init__.py","KEEP_TRACKED","330","AC63B8E10E44B92E008B5CD4CB9AA94BDFC05914576860EBC8C12A8F9B92CA46","True","2026-08-04T06:07:31.7594270Z"
"src/trustcxr/classification/dataset.py","KEEP_TRACKED","12530","520E28E87A8C3F79E3146B01B543C54885C615202B6A309868B4079EA7F9ACCB","True","2026-08-04T06:07:33.7253591Z"
"src/trustcxr/classification/metrics.py","KEEP_TRACKED","5050","5A2D791C1F203B2DF4DA3109106A4EB89602DDF49F26D074F2477303D58296FD","True","2026-08-04T06:07:33.7253591Z"
"src/trustcxr/classification/model.py","KEEP_TRACKED","3056","A1A519A93B34BEF0BA8BCFBCBA0C78071857F5E9CB0F569ED30946CA5579B16A","True","2026-08-04T06:07:31.7496558Z"
"src/trustcxr/classification/sampler.py","KEEP_TRACKED","1906","9B9A7224AA641D2E03BECFD1EE56DE957AA6167EB32A2383E2F593EE0D693D40","True","2026-08-04T06:07:31.7496558Z"
"src/trustcxr/classification/train.py","KEEP_TRACKED","26200","05D8C7C971272A2F58D572F846E099AFFA79095A75ABFBBEB11BB844415D0003","True","2026-08-04T11:15:51.7733510Z"
"src/trustcxr/common/__init__.py","KEEP_TRACKED","0","E3B0C44298FC1C149AFBF4C8996FB92427AE41E4649B934CA495991B7852B855","True","2026-08-03T10:44:09.5121939Z"
"src/trustcxr/comparison/__init__.py","KEEP_TRACKED","61","97993865435A04C6FCAF9583F14433F2D05F80AF2250322AC68C4D3C7C3849ED","True","2026-08-04T17:20:03.8291098Z"
"src/trustcxr/comparison/stage7d.py","KEEP_TRACKED","53892","2A35E67535D8F06468012822446BF4060F70246CA71B98E1975AF2231B26184C","True","2026-08-04T20:02:53.6357113Z"
"src/trustcxr/data/__init__.py","KEEP_TRACKED","0","E3B0C44298FC1C149AFBF4C8996FB92427AE41E4649B934CA495991B7852B855","True","2026-08-03T10:44:09.5121939Z"
"src/trustcxr/data/adapters.py","KEEP_TRACKED","6387","67266F683A5A6E4252C377162E6AE303EB5281B8467A4D2E4B0F016EB7CBEBCB","True","2026-08-03T12:02:03.1610040Z"
"src/trustcxr/data/audit.py","KEEP_TRACKED","21848","E03232368DDDEBE5E142D6B0674443A0FC78214E8F273A04CF97C7C20C727BFD","True","2026-08-03T11:30:52.1451202Z"
"src/trustcxr/data/concrete_adapters.py","KEEP_TRACKED","39538","1AA0FE11843C6DED46481759C022F1A32743B75F90E0483AEC6D8E596EE3CDF4","True","2026-08-03T12:51:51.6711788Z"
"src/trustcxr/data/identity_mapping.py","KEEP_TRACKED","28262","20544CB0136A3E2C5EE5D27B31462DDFBF74FE14384962EB2E75E810F3A76EDF","True","2026-08-03T12:02:03.1610040Z"
"src/trustcxr/data/readiness_gate.py","KEEP_TRACKED","8429","632706905F80E34A2C498DBA0687BAA76C44D54B12F6294CF7D5218A51BBCBC7","True","2026-08-03T14:35:26.1825946Z"
"src/trustcxr/data/safe_splits.py","KEEP_TRACKED","1691","8335E3D0B60B53C4DE94008976FABA6C05C95EBA05BFFD762499CF87D7E5A0CA","True","2026-08-03T12:51:51.6671068Z"
"src/trustcxr/data/stage4_3_resolution.py","KEEP_TRACKED","48306","4FF38DC36E064A27669EEDAF5520963A461C7BA00BA03E69F319F3F8F61EBE32","True","2026-08-03T13:41:34.0935298Z"
"src/trustcxr/data/structure_validation.py","KEEP_TRACKED","25145","7004F912372C08E8C97BDBD39897D5752124F1976A87A90B473C0CD06F9A8652","True","2026-08-03T11:48:42.3854461Z"
"src/trustcxr/detection/__init__.py","KEEP_TRACKED","0","E3B0C44298FC1C149AFBF4C8996FB92427AE41E4649B934CA495991B7852B855","True","2026-08-03T10:44:09.5121939Z"
"src/trustcxr/evaluation/__init__.py","KEEP_TRACKED","0","E3B0C44298FC1C149AFBF4C8996FB92427AE41E4649B934CA495991B7852B855","True","2026-08-03T10:44:09.5121939Z"
"src/trustcxr/features/__init__.py","KEEP_TRACKED","306","C49DF6893C16D047C8FA394DFA7D17C2792D112074FE708DDCAD82828C2A05E5","True","2026-08-04T13:41:31.9749659Z"
"src/trustcxr/features/rad_dino.py","KEEP_TRACKED","34382","287F78EFC1B66FDB146B0843ED5C45C9FB36F738DC4D5A0DD493ECA693D37A23","True","2026-08-04T13:48:01.4349221Z"
"src/trustcxr/fusion/__init__.py","KEEP_TRACKED","0","E3B0C44298FC1C149AFBF4C8996FB92427AE41E4649B934CA495991B7852B855","True","2026-08-03T10:44:09.5121939Z"
"src/trustcxr/integration/__init__.py","KEEP_TRACKED","36","4EBBA6DFD3E1749FE9804723548B38D7DD48A242446A02370FE59A85EA3B4DA8","True","2026-08-05T13:14:19.5121645Z"
"src/trustcxr/integration/stage9a_cohort.py","KEEP_TRACKED","20337","53FA464FA7E8635925A4FB2B92870858221B41B4FA676EBA4F5DE8418A17BBB3","True","2026-08-05T13:14:19.8061004Z"
"src/trustcxr/integration/stage9b_ablation.py","KEEP_TRACKED_PROPOSED","39478","C7E7BA6851D88796B86A655866FB76F562B6A4A4903149C0A6E9E9EE3AA795AF","False","2026-08-05T17:00:52.2329266Z"
"src/trustcxr/ood/__init__.py","KEEP_TRACKED","0","E3B0C44298FC1C149AFBF4C8996FB92427AE41E4649B934CA495991B7852B855","True","2026-08-03T10:44:09.5121939Z"
"src/trustcxr/probes/__init__.py","KEEP_TRACKED","288","645533A2A6E7F8AAF3B4CE3000A1C8F8BDE23FBD6009C1F3C5EF26B2DA3BB840","True","2026-08-04T16:06:47.9242636Z"
"src/trustcxr/probes/rad_dino.py","KEEP_TRACKED","45774","C95ABF295DAFD4C9E67994B97913EDAB81AEFDFA326552BB06A7CCF2FDBF6BFF","True","2026-08-04T16:06:48.2565211Z"
"src/trustcxr/quality/__init__.py","KEEP_TRACKED","162","82D8E4829B96180ADC1A93F1A2B1701FCB105F46F54EABFDEE124EE13FAAB1EF","True","2026-08-03T16:31:26.6595781Z"
"src/trustcxr/quality/dataset.py","KEEP_TRACKED","13598","5508DB62FFCE97E1EFF53D307DC5C6D6640E9752C1FD1D9C31785CCB3B1C0399","True","2026-08-03T16:46:08.5763000Z"
"src/trustcxr/quality/model.py","KEEP_TRACKED","1109","FE81DB42A1691A9D34D59858772B574D8E86C01D3954C1B427E943E942F751D0","True","2026-08-03T16:31:26.6754119Z"
"src/trustcxr/quality/train.py","KEEP_TRACKED","19901","9E482179125D82E5696BF9FDEB68506528C1F19CD4A2407A444C858C31DC3C87","True","2026-08-03T16:31:28.6735337Z"
"src/trustcxr/report_generation/__init__.py","KEEP_TRACKED","0","E3B0C44298FC1C149AFBF4C8996FB92427AE41E4649B934CA495991B7852B855","True","2026-08-03T10:44:09.5121939Z"
"src/trustcxr/segmentation/__init__.py","KEEP_TRACKED","806","D434ACBAADE92FB9F79B934B6AC295E9553D70CA8DCFB4830888C3CEE1CE9253","True","2026-08-04T20:56:18.9809357Z"
"src/trustcxr/segmentation/chexmask.py","KEEP_TRACKED","3151","E23741F5AE262FBCC6EAB13861CAB2C64A6DC282297A10510FA8743304A7C801","True","2026-08-04T20:42:29.4066268Z"
"src/trustcxr/segmentation/stage8b_unet.py","KEEP_TRACKED","55674","DBA0DE59766C996D285B2AE6CA7581461C1295AA17C194190005410686B87044","True","2026-08-04T20:56:19.2570810Z"
"src/trustcxr/segmentation/stage8c_coverage.py","KEEP_TRACKED","45549","2E3340B741C87A6D9094BCE02081699B539618A9C260ECBB21E211F5E7AF2203","True","2026-08-05T09:01:10.1939584Z"
"src/trustcxr/segmentation/stage8d_comparison.py","KEEP_TRACKED","32910","B8AEB6D0182090508C4339194CBA95A65BB9F43FAE095195AC167E5BC13BE666","True","2026-08-05T10:59:48.9833866Z"
"src/trustcxr/segmentation/stage8e_final_evaluation.py","KEEP_TRACKED","30765","89935D88E77835FC1289B4FD2A6AD31DC2F067A48B98064C14CEEC518895245E","True","2026-08-05T12:00:28.6957273Z"
"src/trustcxr/serving/__init__.py","KEEP_TRACKED","0","E3B0C44298FC1C149AFBF4C8996FB92427AE41E4649B934CA495991B7852B855","True","2026-08-03T10:44:09.5121939Z"
"src/trustcxr/spatial/__init__.py","KEEP_TRACKED","75","D0AAD36910D617C9BF5987B62854CF43AE20F192697A2D68CFA3D1CC51A616FC","True","2026-08-04T20:16:06.1881906Z"
"src/trustcxr/spatial/stage7e.py","KEEP_TRACKED","29227","521AE7F7E1A6034EAFD235541A882F6A1E9580BFC467EA9BD903C06132BD8DA6","True","2026-08-04T20:16:06.5228954Z"
"src/trustcxr/uncertainty/__init__.py","KEEP_TRACKED","0","E3B0C44298FC1C149AFBF4C8996FB92427AE41E4649B934CA495991B7852B855","True","2026-08-03T10:44:09.5121939Z"
"src/trustcxr/verification/__init__.py","KEEP_TRACKED","0","E3B0C44298FC1C149AFBF4C8996FB92427AE41E4649B934CA495991B7852B855","True","2026-08-03T10:44:09.5121939Z"
"tests/smoke/test_stage2_environment.py","KEEP_TRACKED","636","894E132E9150D6D1BFA54C23DA032661ABB682D9776E6CFEF5524208760292D4","True","2026-08-03T11:08:00.4307361Z"
"tests/unit/test_adapters.py","KEEP_TRACKED","2331","404B3ABC9C4A65485841411DEA37F46C4DF2D282A02ED1100A373D52E58117E7","True","2026-08-03T12:02:03.1610040Z"
"tests/unit/test_concrete_adapters.py","KEEP_TRACKED","3647","7EABDAD2BAA8D483E2CDC863E24332CB01F0634CEF5BE335969304B05E5B23E0","True","2026-08-03T12:51:51.6671068Z"
"tests/unit/test_dataset_audit.py","KEEP_TRACKED","3488","026FAC92E4A0CEBB351EF21975F6FD4C1A5B3850F56399A75ED6C65A744F1FAD","True","2026-08-03T11:30:52.1451202Z"
"tests/unit/test_identity_mapping.py","KEEP_TRACKED","2880","DA59B79D00FF78C1C7BB908CCD3F4BCBF001E07FC16A38BDC070359365EB5676","True","2026-08-03T12:02:03.1610040Z"
"tests/unit/test_readiness_gate.py","KEEP_TRACKED","3465","26096554AEC2D58E54AF3F224CC8D9293B43D366674C12054200B74967AE943C","True","2026-08-03T14:35:26.1825946Z"
"tests/unit/test_safe_splits.py","KEEP_TRACKED","1196","ED329585A05F1F7115DCDB72DFFAE08CEFA241E8FF5C855F8D824CD6D4731B9E","True","2026-08-03T12:51:51.6671068Z"
"tests/unit/test_stage4_3_resolution.py","KEEP_TRACKED","3262","4B1B6248E3DFD9E93DBB1BEFFE67FFC70F4AFBDE47292C4C651D4EBD080F5F9F","True","2026-08-03T13:41:34.0905528Z"
"tests/unit/test_stage5_quality_view.py","KEEP_TRACKED","2284","F70BA35CF31BD810D00D08A42CB8D77AC404EB67F8F5F6CCF3301608512A4F83","True","2026-08-03T16:46:08.5763000Z"
"tests/unit/test_stage6_cyclic_sampler.py","KEEP_TRACKED","931","BA5752ED087B442E119784CBA895FAF9FE3058A3946DBF16B5B46FA7852F9FBE","True","2026-08-04T06:07:31.7594270Z"
"tests/unit/test_stage6_multilabel.py","KEEP_TRACKED","1723","35DD7876E2EFD930802BA60C2DCC3FECE06C20B8EA7756F2E1C9EEAF1159DBDD","True","2026-08-04T06:07:33.7253591Z"
"tests/unit/test_stage7b_rad_dino.py","KEEP_TRACKED","2275","E36CAB79A896AA28E4011A459DDD15F98E538E0978B8EDBC4CCBCAC31B656DF8","True","2026-08-04T13:41:31.9749659Z"
"tests/unit/test_stage7c_probes.py","KEEP_TRACKED","1815","57898ACAC0CD748C00EECF3FFDA2AB825A8E50045BAC1963A8B019E2BB34BAD1","True","2026-08-04T16:06:47.9242636Z"
"tests/unit/test_stage7d_comparison.py","KEEP_TRACKED","2560","6D74E6978B1ED256ABC1210B88E609860996BF36AC2C4D78845A6FF1E38B98C3","True","2026-08-04T17:20:04.1223221Z"
"tests/unit/test_stage7e_patch_tokens.py","KEEP_TRACKED","2911","9739723D59380076F7F90C3942807D9798BBE82FF19BB05D68F108786FF1C812","True","2026-08-04T20:16:06.5228954Z"
"tests/unit/test_stage8a_chexmask.py","KEEP_TRACKED","1379","15967F3108E93AC15C4186AB8C18FC2ABCA5F6BA98F9CE7FADD426A086A63D67","True","2026-08-04T20:42:29.4066268Z"
"tests/unit/test_stage8b_unet.py","KEEP_TRACKED","1950","DBA2E30AAA005611EAD776A015F9CDB674EE08263E3E4ECD2CDDEBA54AE4AD62","True","2026-08-04T20:56:18.9809357Z"
"tests/unit/test_stage8c_coverage.py","KEEP_TRACKED","2000","FA123B509331B67D0C2B126387D89640F66AD16AA0A82864748E1071EDAD4D57","True","2026-08-05T09:01:10.1939584Z"
"tests/unit/test_stage8d_comparison.py","KEEP_TRACKED","2113","A0D36F92ADBA172DCD662E13B81100AB27CB8D30E4B90F7C536CC3DC8A10234C","True","2026-08-05T10:59:48.9833866Z"
"tests/unit/test_stage8e_final_evaluation.py","KEEP_TRACKED","2675","8966BEE518F31B923BE7EBD58DA988A8B9DB688C3A8C54E41F44CD8359CC4F61","True","2026-08-05T12:00:28.3629635Z"
"tests/unit/test_stage9a_integration.py","KEEP_TRACKED","1207","C733F9C21AF947FE45F8B44439E749F5414CF7F1454E17558B60A161DD4F9B15","True","2026-08-05T13:14:19.6767843Z"
"tests/unit/test_stage9b_ablation.py","KEEP_TRACKED_PROPOSED","3115","47018B1C4F52C7746F0EA369908F6126CCA09D649DCAA50E7AA0C453DB0E95FF","False","2026-08-05T17:01:10.6373315Z"
"tests/unit/test_structure_validation.py","KEEP_TRACKED","3060","89B9D0CF519004C6FFC943B160CC2C587B255F6BEE82AD9272AE088B63B390A5","True","2026-08-03T11:48:42.3854461Z"
